Latitude,Longitude
37.42118,-122.08673
37.25164,-122.36999
37.28367,-122.07694
37.32583,-122.38583
37.31023,-122.27799
37.25003,-122.39553
37.258,-122.39492
37.33503,-122.06384
37.32941,-122.08586
37.30991,-122.27739
37.41357,-122.06865
37.25106,-122.21783
37.25731,-122.23508
37.27605,-122.26669
37.25449,-122.38314
37.23395,-122.36719
37.3112,-122.31595
37.31003,-122.27776
37.27575,-122.28619
37.2503,-122.21972
37.27226,-122.08278
37.3032,-122.07456
37.27345,-122.2918
37.28038,-122.07334
37.24195,-122.31719
37.31524,-122.27408
37.27334,-122.29003
37.33335,-122.093813
37.57028,-122.31861
37.20607,-122.33483
38.0165,-121.83881
37.99101,-121.89457
38.01861,-122.02602
37.57516,-122.42935
37.55722,-122.34194
37.9357,-121.93886
37.94405,-121.93749
38.27476,-122.61928
37.9205,-121.942
38.26098,-122.65982
37.4878,-122.34309
38.00088,-121.88808
37.56213,-122.32884
38.25533,-122.5835
37.53233,-122.35088
37.94937,-121.94407
37.92084,-121.92669
38.00711,-121.86275
37.53942,-122.0198
37.79923,-122.21818
37.48089,-121.93641
37.68275,-122.081236
37.69908,-121.80891
37.58682,-122.02358
37.60965,-122.0175
37.68151,-122.14437
37.66579,-121.87752
37.68826,-122.07257
37.70104,-121.92542
37.65909,-122.13676
37.65957,-122.04172
37.64676,-122.03931
37.70218,-121.92074
37.50273,-121.91225
37.66873,-121.9092
37.61906,-122.05928
37.70094,-121.90154
37.6828,-121.89625
37.70446,-122.06913
37.69285,-122.07163
37.70136,-122.07028
37.68205,-122.08073
37.6818,-122.08061
37.80494,-122.16252
37.6705925,-121.760562
37.528111,-121.9476676
37.75636,-122.1527
37.69199721,-121.8682171
37.72015923,-121.9125284
37.68710887,-121.9168654
37.5557351,-121.9853935
37.56823797,-122.0605987
37.50115687,-121.9153455
37.64633113,-121.7878363
37.65781611,-121.8597507
37.64126,-121.77968
37.69427226,-122.0450369
37.62143889,-122.1022113
37.79673602,-122.1994931
37.50871832,-121.9665043
37.51143664,-121.9441212
37.8764421,-122.234147
37.53228263,-121.969094
37.6951296,-121.9477815
37.84061,-122.22251
37.92211324,-121.7400181
37.77738,-122.18292
37.77999,-122.17923
37.89830117,-122.3008534
37.92296645,-121.7189012
37.88657506,-122.0809823
37.95427184,-122.0786882
37.87286492,-122.1786507
37.88849743,-121.8449804
37.95806855,-122.2781404
37.92924502,-122.0475084
37.86668984,-121.7437728
37.969,-122.05413
37.95838,-122.05117
37.96241,-122.05262
37.9656,-122.05441
37.95323,-122.05318
37.38105,-121.85735
37.25973,-121.8701
37.82838,-121.98444
37.27642,-121.76496
37.32668,-121.99539
37.4099,-122.13831
37.28807,-121.8792
37.376933,-121.96857
37.30773,-122.0217
37.40586,-122.06906
37.43404,-121.9128
37.2376,-121.8884
37.24578,-121.7702
37.23057,-121.97137
37.25513,-121.57811
37.2517,-122.08407
37.31718,-121.84857
37.36723,-121.92477
37.234,-121.83759
37.29,-121.81804
37.96689,-122.35916
37.2662,-121.99081
37.95280241,-122.028422
37.39058775,-121.8433204
37.40139029,-121.7950123
37.91897,-122.05388
37.18752584,-121.8400917
37.2341729,-121.9732946
37.19422,-121.82317
37.26924396,-121.796654
37.16552032,-121.9791867
37.4455766,-121.9108459
37.38603897,-121.9095914
37.2787525,-121.8078214
37.32089005,-121.6635251
37.24817114,-122.0720881
37.34836489,-121.989518
37.24667236,-121.995164
37.22970343,-121.865902
37.3406268,-121.9021338
37.42966684,-122.1281605
37.39629335,-121.9869013
37.21790031,-121.9140094
37.32051258,-122.0608698
37.51220055,-122.2912141
37.47191,-122.24306
37.46381,-122.25059
37.37287,-122.22002
37.39619,-122.23464
37.52355,-122.34064
37.32467509,-122.2466592
37.57358,-122.369
37.51493391,-122.3863691
37.64487,-122.48103
37.70461,-122.06811
37.50515,-122.48723
37.68164,-122.07955
37.808483,-121.980748
37.32027627,-122.3397801
37.6841,-122.07564
37.42124636,-122.2458837
37.65226954,-122.4220355
37.61127975,-122.4933639
37.43797579,-122.2412775
37.29352939,-122.2188524
37.5777469,-122.3851134
37.42543226,-122.2634869
37.58173029,-122.3706569
37.53258,-122.35121
38.120548,-122.200089
37.89183751,-122.1034147
37.95232777,-121.6963606
37.9453818,-122.0658052
37.82666909,-121.9184019
37.99526683,-122.0375633
37.97934802,-122.2666165
37.81473366,-121.9664507
37.96242,-122.01425
37.882,-122.307
37.71646,-121.74451
37.81503,-122.16083
37.69547,-122.057
37.70613,-121.87855
37.69439,-121.85985
37.58221,-122.06487
37.51303,-121.91541
37.50296,-121.96114
37.66228,-121.90612
37.65311,-121.80815
37.70689,-121.92705
37.62546,-122.04984
37.69774,-121.89987
37.6628,-122.05465
37.81393,-122.19201
37.70302,-121.75944
37.67752,-121.9117
37.69505,-122.07245
37.214116,-121.834442
37.68269,-122.07931
37.69317,-122.0717
37.69629,-121.73696
37.69392,-122.0722
37.64714,-122.02917
37.52983,-122.02995
37.72061,-121.92118
37.64306,-122.07861
37.72049,-121.74225
37.68475,-122.04335
37.5756,-122.07083
37.69807,-121.87981
37.67353,-121.90607
37.5908,-122.05082
37.50176,-121.95383
37.68581,-122.10215
37.51969,-122.00034
37.72886,-122.14906
37.54974,-121.95017
37.67882,-121.90781
37.66298,-122.07399
37.68988,-121.89986
37.54604,-121.95532
37.70984,-121.9304
37.68732,-122.07329
37.71154,-122.06366
37.97175,-122.30302
37.86803,-122.09597
37.85197,-121.9777
37.965,-122.03619
37.94305,-121.92765
38.03329,-121.96438
37.92745,-121.92765
37.96159,-122.33929
37.96044,-122.26289
37.87555,-122.02237
38.02012,-122.25935
37.94424,-121.70553
37.79739,-121.88987
38.00766,-122.22196
37.80352,-121.89936
37.98123,-121.8121
37.87666,-122.04813
37.88733,-122.05541
37.92218,-121.71928
38.28796,-122.02076
38.22037,-122.14626
38.19303,-122.14426
38.23991,-122.06209
37.30043806,-122.076167
37.13783033,-121.9219137
37.31478414,-122.0609814
37.24034633,-122.0059263
37.20297309,-121.973512
37.19824975,-121.9003593
37.3978109,-121.7859658
37.31390035,-121.9036639
37.3547865,-121.8492003
37.29707558,-121.9307974
37.21993191,-122.0542419
37.24871921,-121.9137022
37.31355872,-121.7946335
37.3575289,-121.9146264
37.43782793,-121.8692396
37.35814936,-121.9731084
37.21056497,-121.9035696
37.26062891,-121.9915256
37.21388255,-121.8336788
37.3059952,-122.0719431
37.23255705,-121.8739458
37.16585069,-121.6463216
37.36026225,-122.2023083
37.32238024,-121.8582281
37.35599752,-122.1079919
37.2631191,-121.9509232
37.34409304,-121.9025129
37.26202467,-121.9990037
37.21919364,-121.9253925
37.15757214,-121.9708657
37.29927937,-121.9255555
37.2342555,-121.8699623
37.38714265,-121.9684174
37.42321674,-121.9071817
37.35206902,-121.841836
37.24585065,-122.0301607
37.2645667,-122.0263677
37.23772802,-121.9491478
37.37965,-121.68556
37.30253,-122.07487
37.313212,-122.064115
37.35755,-121.97317
37.46896942,-122.4383004
37.52213509,-122.3122841
37.55662691,-122.3538673
37.47368924,-122.266389
37.45320225,-122.2540338
37.50821634,-122.3858765
37.57588591,-122.3682754
37.46867176,-122.231765
37.51461392,-122.4533858
37.39061339,-122.2302925
37.53344251,-122.3018259
37.36675604,-122.2163628
37.52657636,-122.322689
37.43410586,-122.2178581
37.48400543,-122.2561101
37.43399546,-122.2608266
37.57727966,-122.4703614
37.4340787,-122.3488956
37.22027124,-122.1632145
37.57579335,-122.4582652
37.53719,-122.35001
37.55722,-122.34191
38.36771,-121.5205
37.67555556,-121.2641667
38.23611,-121.41889
37.6793,-121.2651
38.530034,-121.530912
38.3677,-121.5205
38.225002,-121.674806
38.801973,-121.725518
37.9691,-121.5729
38.6111,-121.4673
37.814797,-121.615733
37.9955,-121.7018
38.254614,-121.436581
37.7969,-121.5855
37.980025,-121.336477
37.326284,-121.880844
37.324787,-121.879933
41.93099411,-122.4420678
37.99503611,-122.7527889
38.109167,-122.865278
37.97830556,-122.7356056
38.009525,-122.7719889
38.109167,-122.839722
38.139722,-122.871389
38.096389,-122.851944
38.079722,-122.784167
38.206389,-122.769167
37.99777222,-122.7550444
38.240833,-122.905
38.101667,-122.858611
38.0418,-122.7897
38.06184999,-122.8075556
38.174722,-122.817222
38.4581,-122.9891
38.44943,-123.11561
38.61351,-122.83115
38.57435,-122.9545
38.49842,-122.995
38.88251,-122.94423
38.34322,-122.7121
38.43481,-122.71968
38.60465,-122.85993
38.65867,-122.82969
38.71292,-122.89553
38.61076,-122.87174
38.35514,-122.68573
38.43004,-122.82518
38.44569,-122.80304
38.6131,-122.841
38.33706,-122.7348
38.48981,-122.80285
38.6238,-122.8452
38.4252,-122.95983
38.6467,-122.91957
38.5063,-122.92653
38.35236,-122.76738
38.65397,-122.9274
38.4903,-122.89769
38.58809,-122.84928
38.6561,-122.87355
38.5059,-122.95546
38.4978,-122.90185
38.6509,-122.86834
38.4776,-122.9762
38.4781,-122.99812
38.4697,-123.0124
38.4575,-122.9531
39.15514,-123.18411
39.19556,-123.19488
39.26496,-123.20823
38.97137,-123.10668
39.13439,-123.18643
39.27038,-123.10058
38.494,-122.853
38.484679,-122.841864
38.425783,-122.82944
38.375352,-122.77968
38.324086,-122.700123
38.44525,-122.806751
38.401408,-122.815757
38.352176,-122.741316
37.596592,-122.025061
37.594975,-122.024542
38.4521,-122.8348
38.49339512,-122.8538149
39.15337,-121.73435
38.785,-121.6533
39.18718,-121.90904
38.6039,-121.5189
37.41388889,-121.0141667
39.067435,-120.125952
38.62445,-121.45586
39.1623,-121.5959
37.53674,-121.0668
36.60922,-121.562694
37.52138889,-121.1486111
37.46904,-121.0627
36.65922,-121.615668
37.46444,-121.03111
37.34756944,-120.9751833
37.35087,-120.95874
37.27638889,-120.9538889
37.295,-120.85027
37.43583,-121.0325
38.91326,-121.62334
33.65556,-117.84472
36.48634,-121.46975
36.553757,-121.547737
32.75552,-115.33697
33.1992,-115.5971
36.79076898,-121.78932
32.93092,-115.406109
36.70247,-121.70868
33.05179,-115.488615
37.77046,-121.2923
38.7886,-121.59811
38.8125,-121.7731
38.9003,-121.5833
38.607987,-121.405711
36.75955,-121.75433
33.04468,-115.488291
36.6435,-121.57836
33.10472,-115.66361
34.95755,-120.63244
36.86978,-121.81516
35.016388,-120.586259
34.9414,-120.5742
36.8797,-121.793
34.95474,-120.48501
38.80477,-121.32733
38.80232,-121.33855
32.76433,-117.17008
38.79857,-121.34802
33.505526,-117.708845
38.79908,-121.34698
38.80267,-121.338551
32.85726,-116.91281
38.59524,-121.7856
38.944677,-119.980617
38.6049,-121.7854
38.352393,-122.74116
39.240191,-119.949167
38.373558,-122.768543
38.323425,-122.700012
38.944421,-119.980675
38.324878,-122.284098
39.01514,-120.117921
38.72066,-121.7643
38.59015,-121.73058
38.38903,-122.741308
39.274036,-119.946184
38.78585,-121.36418
38.492407,-122.883419
35.03100098,-120.619171
34.942,-120.5565
38.80383,-121.32147
38.80143,-121.33952
38.80248,-121.3386
38.79696,-121.351328
38.791507,-121.363384
38.80398,-121.32869
38.795405,-121.346606
38.80261,-121.33881
39.002,-121.88441
38.73685,-121.36475
38.79477,-121.37251
38.342112,-122.66628
38.371945,-122.703848
39.273968,-119.946369
33.98682,-118.4156
39.274034,-119.946588
39.274091,-119.946392
35.022795,-120.586157
36.70156,-121.60425
33.4361,-114.7162
35.02274,-120.58887
34.93395,-120.55787
34.407288,-119.517362
37.8198,-121.4992
37.15917,-120.81222
37.85659,-121.378
37.80472222,-121.4494444
38.80521,-121.72372
38.80981,-121.72379
39.274138,-119.94622
39.24022,-119.94619
37.49,-122.1
37.61,-122.25
37.6,-122.23
37.49,-122.11
37.67,-122.22
37.6,-122.21
37.59,-122.29
37.59,-122.31
38.1,-122.36
37.56,-122.2
37.53,-122.15
37.67,-122.23
38.06,-121.98
38.09,-122.44
37.49,-122.09
37.47,-122.06
37.89,-122.35
38.1,-122.05
38.08,-122.06
37.5,-122.11
38.02,-122.38
37.56,-122.23
37.48,-122.08
38.06,-122.32
38.06,-122.1
37.85,-122.47
37.77,-122.35
37.69,-122.28
38.07,-121.99
37.69,-122.26
37.92,-122.4
37.63,-122.28
37.59,-122.28
37.61,-122.21
37.49,-122.08
37.64,-122.27
38.03,-122.45
37.84,-122.34
38.08,-122.07
37.6,-122.18
37.62,-122.27
38.07,-122.08
38.03,-122.3
38.05,-122.4
38.09,-122.32
37.5,-122.12
37.63,-122.37
38.06,-121.94
37.57,-122.17
37.65,-122.2
37.6,-122.34
38.03,-122.35
37.76,-122.38
37.59,-122.2
37.64,-122.2
38.08,-122.39
38.09,-122.04
37.65,-122.24
37.6,-122.19
38.07,-122.46
38.04,-122.13
37.98,-122.44
38.07,-121.95
37.59,-122.23
38.1,-122.03
37.47,-122.07
37.84,-122.43
37.62,-122.3
37.52,-122.13
37.73,-122.28
37.65,-122.22
37.95,-122.46
37.68,-122.21
37.6,-122.26
37.82,-122.43
37.56,-122.17
38.08,-122.41
37.85,-122.37
37.68,-122.28
37.68,-122.38
37.7,-122.22
38.05,-122.11
38.07,-121.96
37.58,-122.26
38.11,-122.01
37.66,-122.21
37.6,-122.32
37.64,-122.24
38.02,-122.43
38.12,-122.04
38.06,-122.29
38.05,-122.37
37.62,-122.2
37.62,-122.35
37.74,-122.31
37.66,-122.2
38.07,-122.37
38.06,-122.31
37.57,-122.24
37.58,-122.18
37.65,-122.33
38.06,-122.44
38.06,-122.07
37.61,-122.27
37.67,-122.24
38.04,-122.12
37.58,-122.22
37.54,-122.16
37.85,-122.44
38.09,-122.36
38.08,-122.03
37.68,-122.23
37.89,-122.33
37.69,-122.24
37.6,-122.28
38.03,-122.29
38.1,-122.06
38.11,-122.05
37.83,-122.33
37.87,-122.41
38.04,-122.38
38.07,-122
37.58,-122.23
37.52,-122.14
38.03,-122.37
38.05,-122.09
37.62,-122.23
37.68,-122.31
37.71,-122.33
38.07,-121.97
37.56,-122.19
37.84,-122.41
38.05,-122.34
37.5,-122.1
38.08,-122.04
37.6,-122.3
38.06,-121.95
38.02,-122.45
37.92,-122.45
37.64,-122.25
37.78,-122.37
38.05,-121.98
38.11,-122.06
37.66,-122.23
38.02,-122.42
37.74,-122.36
37.98,-122.42
37.495815,-122.1042844
37.6133025,-122.2015673
37.48782325,-122.0948742
38.00547229,-122.3867832
38.08613191,-122.0508952
37.47376657,-122.0942941
38.07501601,-121.9488621
37.7255101,-122.2736703
37.78989861,-122.3450314
37.52537969,-122.1520355
38.017013,-122.4214744
37.48404519,-122.1184447
38.03974867,-122.1163163
37.62013923,-122.2330782
37.48483137,-122.086134
38.03576646,-122.3025015
37.85334175,-122.3463916
38.05927587,-122.4315357
38.10814102,-122.0220148
37.67518852,-122.3541416
37.63346894,-122.2636692
37.47366172,-122.0693736
38.08730512,-122.3952352
37.89051473,-122.3731122
37.48902428,-122.085894
37.49060912,-122.1045144
37.59946797,-122.1966771
38.0529817,-121.9769826
37.72810027,-122.3063608
37.57892359,-122.2193074
37.49578108,-122.0934142
38.09219376,-122.0580855
37.48520534,-122.0890141
38.07478345,-122.3480335
37.62977094,-122.2138478
38.06700374,-122.0937161
37.64343523,-122.3172908
37.82842369,-122.3895021
37.46959684,-122.0656735
37.4892963,-122.0811839
37.92713888,-122.4811147
38.02219085,-122.3938438
37.491952,-122.08387
37.49390204,-122.1052744
38.06318259,-122.0453347
37.47575067,-122.0705836
37.6246372,-122.2620191
37.62124822,-122.3357213
38.03763743,-122.3642433
38.06832963,-122.466697
38.0507228,-121.9437816
40.03743,-122.11132
39.2145655,-122.0004862
40.6296,-122.47
38.3458,-121.5473
41.70502,-122.53781
36.94972,-120.78194
37.09888,-120.82666
36.96611,-120.67111
36.94083,-120.75611
36.92444,-120.65305
41.70237,-122.53477
41.70914,-122.53743
41.561797,-122.395983
41.72401,-122.55915
41.68253,-122.51649
41.60269,-122.42855
37.09166,-120.82305
41.7053,-122.53496
41.4099,-122.31814
36.93666,-120.70194
40.406,-121.9786
40.39744,-122.52642
40.39836,-122.1466
39.88498,-122.54269
39.6078,-121.6717
40.3618,-122.3395
40.3675,-122.572
40.423,-121.9878
39.92876,-122.07824
36.78891944,-120.3734528
36.79774167,-120.1597778
37.30891389,-120.9295
40.36,-122.9105
39.9559,-122.3297
37.05578611,-120.5500361
39.6971,-121.8935
39.9756,-122.2245
40.4722,-122.6222
37.30944,-120.92916
37.43323,-121.01597
40.3968,-122.5283
40.3889,-122.523
41.70249,-122.53444
39.3625,-121.8928
41.68325,-122.51546
41.72595,-122.55889
41.559581,-122.402636
41.602675,-122.4283916
41.56092778,-122.4031667
41.561475,-122.405175
41.70488,-122.53751
41.560575,-122.4036194
41.70933,-122.53639
41.583308,-122.4375667
42.4412,-121.99995
42.45988,-122.07637
42.40709,-121.9642
42.42192,-121.94439
42.24156,-121.82341
42.52342,-121.98539
42.32623,-121.92108
42.30823,-121.85733
42.36892,-121.8498
42.53143,-121.93108
42.56039,-121.94855
42.23861,-121.80588
42.43556,-122.0293
36.9784,-119.7321194
36.843225,-119.9321917
37.25944,-120.90388
37.24861,-120.85111
37.25416,-120.90694
37.26388,-120.90611
37.12888,-120.82055
38.26575,-122.46737
39.3621382,-121.8230534
38.240496,-122.45127
39.7108706,-122.0026054
39.18325,-122.05143
37.88958,-121.14727
38.81212,-121.72433
39.29363,-122.11562
36.5808145,-120.2028378
39.18038,-121.57108
36.4289473,-120.3373768
37.87696,-121.37656
37.83754,-121.1446
37.94163,-121.3693
39.3619051,-121.909796
39.7290384,-121.931909
36.6039,-119.467
37.61055556,-121.2286111
32.75631,-117.25318
33.202184,-117.392205
36.728,-121.837
41.0566,-124.147
41.0577,-124.147
41.1411,-124.146
32.83986,-117.00395
32.8313,-116.98572
36.533,-121.929
41.3881,-124.071
39.1258,-123.718
41.3576,-124.077
38.5972,-123.351
39.7107,-123.808
41.0776,-124.155
41.6999,-124.142
32.77255,-117.14456
36.902,-121.755
36.695,-121.75
36.934,-122.073
38.05,-121.878333
38.06242,-121.820513
38.03,-122.151667
38.04833,-122.096667
36.846,-121.833
37.88889,-122.446667
36.991,-122.031
36.539,-121.88
36.711,-121.911
36.89,-121.924
36.539,-121.932
39.611,-121.8675
39.2184,-122.05
39.0258,-121.7272
36.861194,-121.719327
36.861222,-121.720132
36.86088,-121.721432
36.862318,-121.721994
36.859497,-121.711927
36.858455,-121.712632
36.859676,-121.714775
36.86321,-121.721789
36.855093,-121.712936
36.859969,-121.714595
37.56328,-118.75063
37.90774,-119.0955
38.02316,-119.13344
37.94731,-119.05817
37.95054,-119.11586
37.88805,-119.09384
33.6487,-117.8603
33.411997,-117.1609
34.1486,-118.3729
38.053528,-122.226153
38.8519,-123.648
41.5973,-124.101
37.891428,-122.307786
37.827539,-122.294011
38.8518,-123.649
34.1654,-118.4813
38.8607,-123.653
38.8551,-123.652
41.598,-124.101
41.5965,-124.101
41.612,-124.106
37.896744,-122.072178
38.852,-123.648
38.8561,-123.652
36.5265,-121.925
41.6053,-124.102
38.8592,-123.653
38.8525,-123.648
38.8527,-123.649
38.8545,-123.651
41.6306,-124.113
41.6293,-124.113
32.7138,-117.1336
32.7139,-117.133
41.5481,-123.5254
41.3226,-123.5227
37.69763,-118.76291
41.3286,-123.41992
41.3626,-122.5188
41.60326,-123.49999
34.49347,-118.457
40.62725,-123.3729
39.37112,-120.03276
40.7789,-123.33513
37.68178,-119.5359
34.19094,-119.0859
34.61359,-118.7798
39.81211,-120.6814
34.65136,-119.1185
39.41396,-120.9804
41.33837,-122.9178
41.0483,-122.6553
40.86244,-122.90169
39.79937,-123.7449
41.88844,-123.4131
40.89154,-123.8084
33.77174,-116.7696
38.17944,-119.19632
40.52712,-124.1702
34.23908,-118.1806
34.55841,-119.1408
41.83196,-122.84729
41.22948,-120.4049
39.40743,-123.7407
37.6238,-119.00577
39.18657,-123.5481
34.5196,-119.4054
34.16471,-116.9744
34.55085,-120.3583
34.43957,-118.7591
41.46137,-123.49679
38.14584,-119.38563
37.93938,-119.12288
37.61408,-118.83585
37.11441,-119.16928
38.29586,-119.30966
37.63084,-118.99468
38.23886,-119.32517
32.92981,-116.55901
33.72962,-116.6735
34.82946,-120.54916
40.43368,-120.72438
33.79824,-116.74831
39.71635,-121.63527
41.33699,-122.40794
40.39042,-123.92781
34.5515,-119.20811
33.76053,-116.5489
33.33669,-116.82848
39.55779,-123.28132
40.10753,-122.02992
40.7548,-123.73981
40.6977,-123.36434
40.85692,-122.48881
34.39548,-119.07511
34.1869,-117.00758
38.67552,-121.44613
38.87519,-122.88173
34.16522,-119.09069
40.84723,-123.39963
40.81571,-121.72191
34.59402,-120.19376
42.003,-122.76312
34.28771,-118.23008
41.82633,-124.11418
41.49024,-122.02899
41.8617,-122.20766
38.36687,-122.95615
41.2912,-123.56865
38.57735,-120.54398
34.67473,-120.51417
40.68862,-122.93228
34.6408,-119.08094
34.66959,-119.75404
40.72861,-124.06014
34.42131,-119.3806
41.66347,-123.27663
38.3109,-119.34293
40.44593,-122.94635
41.70845,-123.13085
38.16542,-120.03472
40.62567,-122.95602
34.55734,-119.24876
34.65926,-119.14255
34.68351,-119.79875
37.04447,-119.1104
40.98044,-122.50729
34.34716,-118.04869
39.44212,-122.63613
38.25845,-119.27229
41.19708,-122.52973
40.49018,-123.61268
40.25425,-123.1078
37.72768,-122.16887
37.80523,-119.1107
33.45407,-117.30182
37.04453,-121.72861
38.43501,-121.52491
40.00191,-121.26822
39.58789,-122.9165
38.57234,-121.35775
39.50076,-121.99763
40.03521,-122.61094
37.54998,-118.75965
34.25461,-118.08523
41.57212,-123.64054
37.90976,-121.3253
34.14972,-117.13313
39.46556,-120.96694
34.54172,-118.77286
37.61898,-118.82023
39.65009,-123.60805
38.81627,-123.01119
34.23169,-116.99915
32.89957,-116.58789
34.14599,-116.87859
37.9447,-119.21444
37.76675,-119.12239
37.85104,-119.13903
37.74997,-118.93832
38.83,-122.90806
40.80167,-122.92944
37.49434,-118.71771
37.63516,-118.9648
34.35472,-119.0225
39.3,-120.96889
37.93632,-119.13412
38.25533,-119.2238
36.96443,-119.23157
37.76313,-119.11404
37.97352,-119.11023
41.65021,-124.09143
38.27139,-119.33111
40.47343,-122.30323
32.94116,-115.52346
34.17617,-116.9839
40.60279,-122.91109
40.67583,-121.72809
38.50417,-122.7871
38.2095,-121.36924
34.18401,-117.25876
40.61985,-124.03025
34.5365,-119.83603
37.46309,-119.94873
34.10098,-117.01071
34.63193,-118.52977
40.90353,-123.01368
41.3289,-122.84332
33.96165,-117.50039
33.33052,-116.81511
34.18128,-116.91197
32.84996,-115.49175
39.70044,-122.81126
40.59509,-123.91843
34.43952,-119.07616
39.8693,-123.05088
37.56444,-118.75472
39.71181,-122.8409
40.49014,-124.00231
41.99178,-124.18097
40.03758,-123.88138
41.09208,-122.20131
38.69578,-119.87532
34.73287,-119.67637
41.39686,-123.83009
41.09051,-124.08467
40.31673,-123.99758
41.24444,-123.32795
34.72654,-119.02842
39.44159,-122.82022
34.74721,-119.71562
41.11777,-123.81514
33.0682,-117.16872
36.22779,-118.16187
41.81902,-122.81502
34.17289,-117.18064
41.13251,-122.80644
37.32884,-121.67384
41.84402,-124.00182
33.91889,-117.60776
34.14743,-119.087
38.36542,-119.34538
40.29079,-123.45477
38.73217,-119.92824
40.45212,-123.41928
37.0851,-122.24741
39.31109,-121.63905
40.22275,-123.72062
34.25257,-117.53174
34.13332,-116.84289
36.05408,-118.99364
34.57066,-118.38974
40.93151,-124.07934
41.05071,-122.93366
40.3096,-123.7626
34.7477,-120.05303
39.57528,-122.00068
33.12423,-116.68157
32.83213,-116.7265
41.24859,-123.77525
41.74725,-122.62649
41.15445,-123.56903
40.16947,-124.04001
37.74783,-118.98213
33.09896,-117.12876
33.13163,-116.6544
39.3918,-121.6229
38.02633,-119.24721
37.591,-121.1292
39.98053472,-121.97234
37.87066,-119.17138
33.9308207,-117.59398
37.58602,-118.78385
38.26372,-119.27733
41.93373124,-124.1084
37.3915,-120.7867
38.34283,-119.3231
40.0259,-120.9641
38.20952,-119.3209
35.32126,-120.42367
36.25628,-121.42854
38.53917,-123.07056
38.58012,-119.88872
36.09279,-121.43435
38.22008,-120.46985
35.98617,-121.35592
36.98896,-121.56692
35.92592,-121.15028
40.6568,-123.9803
36.54413,-121.91717
35.32508,-120.75266
35.07614,-120.01209
38.18245,-120.70104
35.30651,-120.62367
34.69526,-119.90915
41.8443,-123.19272
36.9175,-121.73556
37.11299,-122.25108
38.73232,-120.4784
35.13634,-120.18723
36.08364,-121.39445
38.36417217,-119.44478
37.03411,-121.94201
37.89266,-122.1038
37.00939,-121.66204
37.75771,-119.10955
36.41631,-121.9068
39.75738866,-123.72484
37.64319,-118.85298
37.00993,-122.19113
36.00033,-121.24534
38.25973,-119.27348
35.96589,-121.21024
36.23077,-121.54989
39.66106,-120.88932
41.844,-122.8934
37.05052,-121.25717
38.1522,-121.2841
41.91258241,-120.92125
37.89015986,-118.71545
37.74724,-119.02333
37.54684,-118.68977
37.62338,-118.81266
40.07833,-121.56
38.06917,-122.53222
39.90569,-121.04631
40.72528,-124.11528
40.10694,-123.79667
41.31833,-123.04833
40.21833,-121.99833
37.60239,-118.7871
41.4462,-123.9333
38.80836,-121.63521
40.5089,-124.137
37.89892,-119.09385
37.4345,-118.74742
40.63704,-122.7465
41.55364087,-121.92469
38.97275,-121.29146
37.5603,-121.1474
38.1185,-121.5094
39.59861,-120.99778
36.9099,-119.7719
40.87032,-122.80039
37.4111,-118.4497
38.34677,-121.89999
39.14468,-120.46647
39.40277,-122.17025
41.2755,-123.6008
41.29989,-122.11879
40.11089,-121.1254
38.59731,-122.59839
39.88092,-122.06533
37.5929,-121.061
37.59513,-118.85102
39.61321,-121.77937
38.2365,-119.3509
38.26216,-119.27584
38.2169,-119.3147
37.17860224,-118.2658092
37.61476,-118.8276
37.64035,-118.90119
37.55821,-118.79103
38.01292,-119.27831
37.55011,-118.80351
38.08489,-119.19255
38.03977,-119.15919
38.0193,-119.27113
37.43997681,-118.5704449
38.16864648,-119.3244947
37.43958201,-118.5701621
38.16654263,-119.1948109
37.13282374,-118.3348981
37.35874698,-118.4504026
37.37998867,-118.4049114
37.36784229,-118.3863003
36.97538588,-118.2096573
37.39854839,-118.3560171
37.3686193,-118.4322763
36.83236403,-118.2498083
37.406055,-118.501942
37.36865248,-118.4132155
38.17342407,-119.2335914
36.80277877,-118.1293339
37.38023408,-118.4048743
36.58371021,-118.0748676
37.36866006,-118.4048356
36.71858786,-118.2478163
37.37568772,-118.4193113
37.35806021,-118.4504125
37.16485947,-118.2884902
38.27296768,-119.2511728
38.27769461,-119.2869554
37.40608181,-118.5417398
37.48024716,-118.6033229
37.16782245,-118.3115685
36.59797573,-118.180292
36.73733651,-118.2646793
37.36401427,-118.4318426
37.40800799,-118.2890534
37.35389732,-118.4228624
37.3303,-118.49583
37.06744128,-118.2640881
36.57628572,-118.0167846
38.276911,-119.2573595
36.98578676,-118.2728982
36.80635612,-118.2023996
37.41024229,-118.5105443
37.41528308,-118.6073204
37.39765632,-118.5719611
37.38006923,-118.4049581
37.32545584,-118.313762
38.1665397,-119.1948457
38.26194155,-119.2288322
36.60898284,-118.0650881
37.36786,-118.38625
37.54766,-121.08509
37.3805,-118.3955
37.19514,-120.56147
37.42705,-120.67353
37.3543,-118.4584
37.66,-120.87526
37.4163,-118.4168
37.70539,-120.89569
37.44187,-121.00331
36.7781926,-118.2673931
37.2583,-120.47524
37.25031,-120.41043
36.9983074,-118.2586162
36.91681615,-118.2557979
37.41254,-120.75941
37.45547,-120.72181
37.50953121,-118.2946703
37.3123,-120.41535
37.46047,-120.6153
37.19755,-120.48763
37.53673,-120.9841
37.79053,-120.80886
37.30968,-120.78771
37.48062,-121.03106
37.33202,-120.39435
37.514984,-121.012291
37.26149,-120.34325
37.39068,-120.94087
37.06785,-120.0292
37.39072,-120.94085
37.23447,-120.4881
37.1214,-120.20206
37.313306,-120.892176
37.80336,-120.84071
37.3609,-120.5494
37.33598,-120.96555
37.39779,-120.9596
37.45827,-120.9673
37.37248,-120.92324
37.4312,-120.99475
37.23159,-120.87599
36.93399,-120.70258
38.24324,-121.51363
38.05299,-121.69033
38.58048,-121.50843
38.35333,-121.64323
38.15745,-121.68468
38.01901,-121.80289
38.23693,-121.67274
38.04633,-121.91894
38.37796,-121.52451
38.47791,-121.54431
38.16294,-121.60992
37.81239,-121.57887
37.67507,-121.26692
37.78398,-121.62151
38.25601,-121.68089
38.12587,-121.57983
38.10584,-121.70021
37.95636,-121.52796
38.25798,-121.72604
38.06194,-121.85715
37.9919,-121.40777
37.8583,-121.184
37.9095,-121.0315
41.93211,-124.18725
38.42381,-122.82803
38.45571,-122.65339
38.52074,-122.62527
38.47718,-122.98987
37.9201,-122.66887
37.86306,-122.57202
37.89844,-122.64174
37.83904,-122.51644
37.86369,-122.57514
37.91971,-122.69181
37.83291,-122.51613
37.84857,-122.54224
37.93081,-122.68037
37.78827,-122.48393
37.86039,-122.57448
37.9625,-122.34639
37.82778,-122.16397
37.95233,-122.32038
37.8415,-122.18725
37.92611,-122.15889
37.74169,-122.44293
37.97382,-122.72711
37.83203,-122.52395
37.72706,-122.15733
35.75578,-118.42219
39.19545,-122.06081
38.44264,-122.53139
35.6724,-118.28996
38.48287,-122.41758
38.17545,-122.82044
34.36483112,-119.3105711
34.59078637,-118.4617003
34.04298035,-118.8721957
34.0514437,-118.7762247
34.26537796,-119.0946255
34.53120252,-119.18422
34.11411122,-118.7790693
34.44652256,-119.2922753
34.19071948,-119.0051098
34.26784539,-118.937814
34.07877507,-118.8203746
34.66254902,-119.0524934
34.41183244,-119.2741839
34.46328147,-119.345666
34.36762907,-119.0538049
34.39179018,-118.9028562
34.37965738,-119.3075104
34.32646257,-118.7182063
34.17453279,-118.6987992
34.09079262,-118.9492635
34.23266874,-118.9531162
34.34574961,-118.5639899
34.1038973,-118.7127118
34.58516999,-119.2836392
34.50284304,-119.3664424
34.03761763,-118.7503811
34.11648137,-118.6616476
34.09419894,-118.7323511
34.21502247,-118.8789991
34.06064409,-118.6375539
34.64435286,-118.513718
34.27084388,-119.1524072
34.06133092,-118.9649078
34.51202583,-118.4503843
37.64194444,-121.2277778
34.40303,-118.6905
34.40211,-118.78471
34.40228,-118.7471
34.55903,-119.2678
34.42523,-118.582
34.14358,-118.75527
34.15698,-118.7588
34.12188,-118.792402
34.18426,-118.79089
34.14994,-118.6976
34.56213,-119.12891
34.69943,-118.86529
34.04939,-118.69
34.60115,-118.558
34.12676,-118.70685
34.71629,-119.0189
34.12998,-118.75648
34.17748,-118.767
34.40976,-118.9322
34.10741,-118.7118
34.06463,-118.58685
39.19549,-122.04881
36.2558,-119.8551
34.41964,-118.78769
36.269,-119.4211
39.16692,-122.03474
34.06765,-118.70704
34.39728,-118.7105
34.1578,-118.75973
34.42487,-118.56081
34.64435,-118.51372
34.1039,-118.71271
34.56397,-119.26305
34.11411,-118.77907
34.12139,-118.70914
34.55668,-119.30629
34.59079,-118.4617
34.4019,-118.70052
34.59835,-119.34799
34.05442,-118.58176
34.39996,-118.72346
34.43048,-118.8318
34.369316,-118.98739
34.075401,-118.70292
34.14268,-118.700899
34.125293,-118.708279
34.627623,-118.74403
34.447782,-118.754901
34.098751,-118.715946
34.404915,-118.939435
34.56909,-118.392126
34.574901,-118.460022
34.558855,-119.154565
34.172068,-118.763755
34.125498,-118.753172
38.3125,-120.7208333
34.56208,-119.16664
34.429633,-118.923739
34.08262,-118.708577
34.6092,-118.757717
34.55464,-119.240503
34.693866,-118.860798
34.163856,-118.76205
34.59223,-119.310339
34.158248,-118.700126
34.133251,-118.706562
38.3925,-120.8013889
34.165588,-118.789188
34.096751,-118.717372
34.045532,-118.687325
34.136633,-118.757257
34.174456,-118.76389
34.139362,-118.703664
34.0999,-118.723049
34.16874,-118.76171
38.77965008,-121.6037306
39.30875,-121.5938
37.49777778,-121.0816667
39.7511,-121.99798
40.39198,-122.17859
39.16779,-122.03479
34.059024,-118.933902
34.686704,-118.845469
34.531705,-118.758128
34.4323,-118.61744
34.061494,-118.585344
34.69441,-118.856582
34.050062,-118.581031
34.143019,-118.757795
34.163219,-118.700774
34.126825,-118.796174
37.35041,-120.96223
34.16873,-118.70306
34.077726,-118.923951
34.42319,-118.767716
34.425565,-118.566167
34.069093,-118.586781
34.132222,-118.82051
41.46124,-120.54996
34.14074,-118.701178
34.118309,-118.780574
38.60094,-121.5055
37.25555556,-120.6519444
37.64354,-120.98452
40.14155,-122.21228
38.5668,-120.4425
33.81024,-118.1282
34.417227,-118.78928
34.572321,-118.46288
33.98426,-118.41426
34.446055,-118.48921
34.04201,-118.89747
34.35611111,-119.0486111
34.37916667,-119.0633333
34.142552,-118.75225
34.176012,-118.761699
34.23116,-117.66159
34.587394,-118.45117
36.4043708,-119.4569677
38.73346667,-121.2884833
40.1534,-122.1993
39.16676,-122.03501
39.18803,-122.0315
37.8255,-121.0159
39.9471,-122.05318
40.95415,-122.23472
37.29527778,-120.8502778
38.79252,-121.62752
37.46444444,-121.03028
37.97777778,-120.3902778
40.05086555,-122.1666056
38.042778,-121.32139
38.76064,-121.67824
38.80003,-121.72423
37.7692,-121.2891
38.36691,-121.52037
38.29083333,-121.3758333
36.0883677,-119.428913
39.55569,-121.83652
40.05223,-122.14832
39.17007,-121.90046
39.90976,-122.090893
39.02919,-122.85192
40.84498,-122.00093
40.48081,-122.30678
40.41762,-122.19334
38.79923112,-121.7250358
40.44813,-122.19724
40.37811,-122.27376
39.1286,-121.59735
40.47975,-122.25887
40.27582,-122.18141
38.78523,-121.65428
39.21415,-122.00031
40.93823,-122.41887
39.72716,-121.86308
40.043,-122.0999
41.48201,-120.53863
40.26387,-122.223
40.10317,-122.11678
40.508943,-122.380028
38.95124,-121.5608
39.69427,-121.989604
39.98503,-122.12466
40.50528,-122.23222
39.81629,-120.42673
39.97352,-120.91031
40.08461,-120.91632
40.063447,-121.605189
40.36222,-121.504444
40.266573,-121.44373
40.068056,-121.573889
39.887388,-122.529436
40.351389,-121.66361
40.679722,-121.87
40.606938,-121.853057
40.446667,-121.866944
40.691931,-122.041962
41.02071,-121.91032
40.441734,-122.55051
41.265276,-122.310219
41.14893,-122.31209
39.74776,-120.56605
37.65025,-119.075156
37.7025,-121.1772222
37.85555556,-121.185
37.603056,-121.131667
37.3425,-120.9772222
36.98361111,-120.5002778
38.04305556,-121.3486111
37.70888889,-121.2986111
38.05611111,-121.3330556
38.55083333,-120.8497222
37.77416667,-121.3822222
38.17416667,-120.7963889
38.72083333,-120.5697222
37.48138889,-121.1355556
38.50055556,-121.045
38.14833333,-120.8255556
37.78555556,-121.5347222
38.17055556,-120.8075
38.7275,-120.56
38.30166667,-120.8872222
38.55916667,-120.8463889
37.23138889,-120.8983333
37.32055556,-120.8891667
38.22277778,-121.0347222
38.20472222,-120.4533333
37.22972222,-120.7283333
38.16166667,-120.6486111
37.60027778,-121.2241667
38.42333333,-120.5411111
37.56194444,-121.1741667
38.21972222,-120.9377778
37.39416667,-120.9594444
37.37715,-121.05812
36.92416667,-120.6886111
36.92416667,-120.6530556
37.09972222,-120.8288889
37.09944444,-120.8208333
36.93888889,-120.7572222
36.99861111,-120.8166667
37.29111111,-120.9427778
37.33777778,-120.9575
37.30916667,-120.955
37.33472222,-120.9536111
37.14166667,-120.7547222
37.03963,-120.77267
36.98888889,-120.7038889
37.33805556,-120.9702778
37.02444444,-120.8266667
36.93444444,-120.685
37.02416667,-120.8269444
37.11262,-120.58982
37.0475,-120.5936111
37.78888889,-121.5288889
,
